Name,URL,Price
"Blackberry Key2 (Black, 64 GB)",/blackberry-key2-black-64-gb/p/itmfestyfureqwdx?pid=MOBFESNVYY4FFHQY&srno=s_1_1&otracker=search&otracker1=search&lid=LSTMOBFESNVYY4FFHQYMTM2B5&fm=organic&iid=109cb44e-9a74-4fdb-8656-e8d8b7792a0d.MOBFESNVYY4FFHQY.SEARCH&ssid=0w58yjk04w0000001568465896362&qH=93cc6cbb70752e9b,"₹40,900"
"Blackberry Evolve (Black, 64 GB)",/blackberry-evolve-black-64-gb/p/itmfdwhxj8vpzr2v?pid=MOBFDWBZW6YCXAVG&srno=s_1_2&otracker=search&otracker1=search&lid=LSTMOBFDWBZW6YCXAVGAVQZVN&fm=organic&iid=0c1d49d9-fb6f-4553-bd54-cc73ebbf2368.MOBFDWBZW6YCXAVG.SEARCH&ssid=0w58yjk04w0000001568465896362&qH=93cc6cbb70752e9b,"₹12,990"
"Blackberry Keyone (Black, 64 GB)",/blackberry-keyone-black-64-gb/p/itmezm8mrz2w5wzx?pid=MOBEZABNASMNPBYR&srno=s_1_3&otracker=search&otracker1=search&lid=LSTMOBEZABNASMNPBYRD1RWPM&fm=organic&iid=7c1b80cf-7413-4197-b2cb-8d07f88c1417.MOBEZABNASMNPBYR.SEARCH&ssid=0w58yjk04w0000001568465896362&qH=93cc6cbb70752e9b,"₹29,895"
Blackberry BLACK Eau de Parfum - 100 ml,/blackberry-black-eau-de-parfum-100-ml/p/itmf3wgvmtnpxhfz?pid=PERF2ZEFSFQTQZ3U&srno=s_1_4&otracker=search&otracker1=search&lid=LSTPERF2ZEFSFQTQZ3UUXKEYJ&fm=organic&iid=40775a7b-58b1-4b72-8533-fc2f49fb289a.PERF2ZEFSFQTQZ3U.SEARCH&ssid=0w58yjk04w0000001568465896362&qH=93cc6cbb70752e9b,₹282
Blackberry Wireless Charging Pad,/blackberry-wireless-charging-pad/p/itmffymcdrpgjahy?pid=CGPFFYJFUNUXRH9M&srno=s_1_5&otracker=search&otracker1=search&lid=LSTCGPFFYJFUNUXRH9MZEZVC9&fm=organic&iid=12c15f42-c15c-4798-9de2-ffa1cb14d236.CGPFFYJFUNUXRH9M.SEARCH&ssid=0w58yjk04w0000001568465896362&qH=93cc6cbb70752e9b,"₹1,999"
Blackberrys Solid Men Beige Chino Shorts,/blackberrys-solid-men-beige-chino-shorts/p/itmf3y2zfug2j7mw?pid=TROF2H5YHHZZUZHV&srno=s_1_6&otracker=search&otracker1=search&lid=LSTTROF2H5YHHZZUZHVWO75BK&fm=organic&iid=baa04e62-7209-4b1e-a8d4-7dcae1aae126.TROF2H5YHHZZUZHV.SEARCH&ssid=0w58yjk04w0000001568465896362&qH=93cc6cbb70752e9b,"₹1,495"
Blackberry 3.3 fl.oz Eau de Parfum - 120 ml,/blackberry-3-3-fl-oz-eau-de-parfum-120-ml/p/itmf3wj3rgpewqgu?pid=PEREKHGVGGCES5JH&srno=s_1_7&otracker=search&otracker1=search&lid=LSTPEREKHGVGGCES5JHFB349V&fm=organic&iid=683b1b91-9c7c-47c2-959d-77a00bf7fbd4.PEREKHGVGGCES5JH.SEARCH&ssid=0w58yjk04w0000001568465896362&qH=93cc6cbb70752e9b,₹276
Blackberry TFT LCD Mobile Display for Blackberry Leap Z20,/blackberry-tft-lcd-mobile-display-leap-z20/p/itmfdtq5mq58zbzw?pid=MDYFDTBHYVHK5J8G&srno=s_1_8&otracker=search&otracker1=search&lid=LSTMDYFDTBHYVHK5J8G3G1APG&fm=organic&iid=34528f55-e16a-4926-8b77-8276df6f5448.MDYFDTBHYVHK5J8G.SEARCH&ssid=0w58yjk04w0000001568465896362&qH=93cc6cbb70752e9b,"₹2,800"
Blackberrys Self Design Men Grey Chino Shorts,/blackberrys-self-design-men-grey-chino-shorts/p/itmf3y2fj3k2yxfz?pid=SRTEGCTJNXZE6SH6&srno=s_1_9&otracker=search&otracker1=search&lid=LSTSRTEGCTJNXZE6SH69ZMEJS&fm=organic&iid=dafea505-f18b-45dd-887a-62e21dde33a4.SRTEGCTJNXZE6SH6.SEARCH&ssid=0w58yjk04w0000001568465896362&qH=93cc6cbb70752e9b,"₹1,296"
Blackberry berry Eau de Parfum - 100 ml,/blackberry-berry-eau-de-parfum-100-ml/p/itmfbuyuaszndkkb?pid=PERFBSRYFQBKXEGU&srno=s_1_10&otracker=search&otracker1=search&lid=LSTPERFBSRYFQBKXEGUUDOQ1B&fm=organic&iid=d77f4456-008c-483b-a980-e7fba3ee695f.PERFBSRYFQBKXEGU.SEARCH&ssid=0w58yjk04w0000001568465896362&qH=93cc6cbb70752e9b,₹254
Sosh wirls/chrger/w10/jyrm/brwn Charging Pad,/sosh-wirls-chrger-w10-jyrm-brwn-charging-pad/p/itm819ca826bdbfc?pid=CGPFJXKFXGV295TZ&srno=s_1_11&otracker=search&otracker1=search&lid=LSTCGPFJXKFXGV295TZE5MCKV&fm=organic&iid=7fc84fdb-2084-4294-ae1e-15feef0c1ee9.CGPFJXKFXGV295TZ.SEARCH&ssid=0w58yjk04w0000001568465896362&qH=93cc6cbb70752e9b,"₹2,899"
Blackberrys Slip On For Men,/blackberrys-slip-men/p/itmfb76ufff826ym?pid=SHOFB6MYXXD84KAA&srno=s_1_12&otracker=search&otracker1=search&lid=LSTSHOFB6MYXXD84KAANOLVHO&fm=organic&iid=23d31fed-da5e-4c1f-97d8-553a53f71c85.SHOFB6MYXXD84KAA.SEARCH&ssid=0w58yjk04w0000001568465896362&qH=93cc6cbb70752e9b,"₹2,921"
Blackberry St. Louis Perfume - 100 ml,/blackberry-st-louis-perfume-100-ml/p/itmf3wj2dhyz6sqf?pid=PEREWSGKPGFHWSPZ&srno=s_1_13&otracker=search&otracker1=search&lid=LSTPEREWSGKPGFHWSPZFFQPCK&fm=organic&iid=4b447a7f-a091-4e81-8760-7d0c2ebdfbdf.PEREWSGKPGFHWSPZ.SEARCH&ssid=0w58yjk04w0000001568465896362&qH=93cc6cbb70752e9b,₹395
UmiCom IPS LCD Mobile Display for BlackBerry Q5,/umicom-ips-lcd-mobile-display-blackberry-q5/p/itm8477969cea639?pid=MDYFJQE6QH3GPCPG&srno=s_1_14&otracker=search&otracker1=search&lid=LSTMDYFJQE6QH3GPCPGLKWYGX&fm=organic&iid=2c1fe0cb-9071-4fa1-a7c3-932ca9ec8f06.MDYFJQE6QH3GPCPG.SEARCH&ssid=0w58yjk04w0000001568465896362&qH=93cc6cbb70752e9b,"₹1,999"
Blackberrys Solid Men Grey Chino Shorts,/blackberrys-solid-men-grey-chino-shorts/p/itmf3y2n6kvs8ng6?pid=SRTEH8S2FMXVT7R2&srno=s_1_15&otracker=search&otracker1=search&lid=LSTSRTEH8S2FMXVT7R2OWEXYM&fm=organic&iid=e12ca733-0d64-4456-9c04-78d55d5c9e71.SRTEH8S2FMXVT7R2.SEARCH&ssid=0w58yjk04w0000001568465896362&qH=93cc6cbb70752e9b,"₹1,101"
Blackberry apparel (For Men & Women) LONG LASTING Eau de Parfum - 100 ml,/blackberry-apparel-for-men-women-long-lasting-eau-de-parfum-100-ml/p/itmf62qghrrrq26a?pid=PERF62M5K5RUTH4K&srno=s_1_16&otracker=search&otracker1=search&lid=LSTPERF62M5K5RUTH4KVU8RTH&fm=organic&iid=28670051-54d2-40a9-93da-228383cab4dd.PERF62M5K5RUTH4K.SEARCH&ssid=0w58yjk04w0000001568465896362&qH=93cc6cbb70752e9b,₹295
UmiCom IPS LCD Mobile Display for BlackBerry Q10,/umicom-ips-lcd-mobile-display-blackberry-q10/p/itma26fcd9bf2bbe?pid=MDYFJQE6PRFY9ZCZ&srno=s_1_17&otracker=search&otracker1=search&lid=LSTMDYFJQE6PRFY9ZCZRTBSG8&fm=organic&iid=11434ef3-edc5-497f-9674-020e3ae2822f.MDYFJQE6PRFY9ZCZ.SEARCH&ssid=0w58yjk04w0000001568465896362&qH=93cc6cbb70752e9b,"₹1,999"
Blackberrys Slip On For Men,/blackberrys-slip-men/p/itmfb6zktu2gebmc?pid=SHOFB6H7YAG2NU8W&srno=s_1_18&otracker=search&otracker1=search&lid=LSTSHOFB6H7YAG2NU8WEQIOMN&fm=organic&iid=678f91ab-92c8-4551-ac7d-3bcedb4ccec2.SHOFB6H7YAG2NU8W.SEARCH&ssid=0w58yjk04w0000001568465896362&qH=93cc6cbb70752e9b,"₹3,246"
Blackberry Blackbr Perfume - 150 ml,/blackberry-blackbr-perfume-150-ml/p/itmc02046ee50ef7?pid=PERFJZ8WTEVYPZVB&srno=s_1_19&otracker=search&otracker1=search&lid=LSTPERFJZ8WTEVYPZVBT8ZS8U&fm=organic&iid=a7f83f82-8534-4302-856f-4590e21ee0ca.PERFJZ8WTEVYPZVB.SEARCH&ssid=0w58yjk04w0000001568465896362&qH=93cc6cbb70752e9b,₹599
FD1 5.1 turbo Car Charger Charging Pad,/fd1-5-1-turbo-car-charger-charging-pad/p/itmfgxgb9hynykpy?pid=CGPFGXCKYCZMRKKY&srno=s_1_20&otracker=search&otracker1=search&lid=LSTCGPFGXCKYCZMRKKYTAUOIK&fm=organic&iid=c65dff03-cd91-4c9b-8318-05849125aeeb.CGPFGXCKYCZMRKKY.SEARCH&ssid=0w58yjk04w0000001568465896362&qH=93cc6cbb70752e9b,₹979
Blackberrys Men Vest,/blackberrys-men-vest/p/itmfbu6yzvghjepf?pid=VESFBTFY3ARNJFS2&srno=s_1_21&otracker=search&otracker1=search&lid=LSTVESFBTFY3ARNJFS25FX4JX&fm=organic&iid=3c66ab99-26ee-469b-812a-2fdf82f21c5c.VESFBTFY3ARNJFS2.SEARCH&ssid=0w58yjk04w0000001568465896362&qH=93cc6cbb70752e9b,₹556
Blackberry PINK EAU DE PARFUM Eau de Parfum - 100 ml,/blackberry-pink-eau-de-parfum-100-ml/p/itmf90bb494c08ec?pid=PERFGGYWA8S6DD3Q&srno=s_1_22&otracker=search&otracker1=search&lid=LSTPERFGGYWA8S6DD3Q928NOA&fm=organic&iid=81dc7970-fe53-460f-be3b-3b3897c6d58b.PERFGGYWA8S6DD3Q.SEARCH&ssid=0w58yjk04w0000001568465896362&qH=93cc6cbb70752e9b,"₹1,499"
UmiCom IPS LCD Mobile Display for BlackBerry Q5,/umicom-ips-lcd-mobile-display-blackberry-q5/p/itm154905a9b8cfe?pid=MDYFJQE3EVN2FN3H&srno=s_1_23&otracker=search&otracker1=search&lid=LSTMDYFJQE3EVN2FN3HQCRNUF&fm=organic&iid=766bac74-581c-40da-9d11-5560a84d2ecf.MDYFJQE3EVN2FN3H.SEARCH&ssid=0w58yjk04w0000001568465896362&qH=93cc6cbb70752e9b,"₹1,999"
Blackberrys Men Vest,/blackberrys-men-vest/p/itmfbu6yzvghjepf?pid=VESFBT9UCQC6XGBQ&srno=s_1_24&otracker=search&otracker1=search&lid=LSTVESFBT9UCQC6XGBQVHNEWZ&fm=organic&iid=9e205102-a245-493b-a716-946da6f1f901.VESFBT9UCQC6XGBQ.SEARCH&ssid=0w58yjk04w0000001568465896362&qH=93cc6cbb70752e9b,₹556
